date,open,high,low,close,volume
2025-11-11 09:15:00+05:30,499.35,499.9,494.7,495.4,11038
2025-11-11 09:16:00+05:30,495.45,496.6,494.25,494.25,5799
2025-11-11 09:17:00+05:30,494.8,494.8,493.45,494.35,1399
2025-11-11 09:18:00+05:30,494.0,494.0,491.55,491.6,1348
2025-11-11 09:19:00+05:30,491.75,492.8,491.15,492.8,3378
2025-11-11 09:20:00+05:30,492.8,495.0,492.8,492.8,10536
2025-11-11 09:21:00+05:30,494.1,494.1,492.55,493.5,1538
2025-11-11 09:22:00+05:30,493.85,493.85,492.25,492.75,1409
2025-11-11 09:23:00+05:30,493.55,494.0,492.85,494.0,1840
2025-11-11 09:24:00+05:30,493.9,493.9,493.05,493.5,613
2025-11-11 09:25:00+05:30,493.35,493.35,492.9,493.0,686
2025-11-11 09:26:00+05:30,493.0,493.15,492.95,493.15,736
2025-11-11 09:27:00+05:30,492.65,493.1,492.6,493.0,635
2025-11-11 09:28:00+05:30,493.0,494.05,493.0,493.95,2247
2025-11-11 09:29:00+05:30,493.25,493.9,493.05,493.5,804
2025-11-11 09:30:00+05:30,493.45,494.15,493.3,494.15,2400
2025-11-11 09:31:00+05:30,493.95,493.95,493.2,493.65,1575
2025-11-11 09:32:00+05:30,493.65,493.65,492.65,492.65,432
2025-11-11 09:33:00+05:30,492.85,493.15,492.75,493.1,290
2025-11-11 09:34:00+05:30,493.0,493.15,492.5,493.0,372
2025-11-11 09:35:00+05:30,493.0,493.4,493.0,493.3,200
2025-11-11 09:36:00+05:30,492.95,492.95,492.4,492.8,396
2025-11-11 09:37:00+05:30,492.8,492.8,492.75,492.75,278
2025-11-11 09:38:00+05:30,492.05,492.65,492.0,492.35,1245
2025-11-11 09:39:00+05:30,492.5,492.8,492.1,492.8,210
2025-11-11 09:40:00+05:30,492.8,492.8,492.25,492.25,205
2025-11-11 09:41:00+05:30,492.4,492.45,492.0,492.45,959
2025-11-11 09:42:00+05:30,492.45,492.8,492.45,492.8,2008
2025-11-11 09:43:00+05:30,492.8,493.5,492.8,493.5,266
2025-11-11 09:44:00+05:30,493.5,493.5,492.15,492.65,1320
2025-11-11 09:45:00+05:30,492.65,493.1,492.55,493.1,642
2025-11-11 09:46:00+05:30,493.1,493.1,492.0,492.4,2559
2025-11-11 09:47:00+05:30,492.4,492.4,491.35,491.35,397
2025-11-11 09:48:00+05:30,491.35,491.75,491.0,491.75,1021
2025-11-11 09:49:00+05:30,491.45,491.45,490.5,490.5,858
2025-11-11 09:50:00+05:30,490.3,490.5,489.3,489.8,2432
2025-11-11 09:51:00+05:30,489.8,489.8,488.7,489.4,1160
2025-11-11 09:52:00+05:30,489.4,489.95,489.0,489.3,5679
2025-11-11 09:53:00+05:30,489.45,489.85,489.15,489.25,518
2025-11-11 09:54:00+05:30,489.25,489.55,489.05,489.4,338
2025-11-11 09:55:00+05:30,489.4,489.95,489.4,489.85,794
2025-11-11 09:56:00+05:30,489.85,490.0,489.05,489.05,6602
2025-11-11 09:57:00+05:30,489.05,489.5,488.75,489.0,594
2025-11-11 09:58:00+05:30,489.35,489.5,488.95,489.0,1163
2025-11-11 09:59:00+05:30,489.0,489.0,488.6,488.6,598
2025-11-11 10:00:00+05:30,488.5,488.9,488.3,488.5,552
2025-11-11 10:01:00+05:30,488.65,488.8,488.35,488.35,369
2025-11-11 10:02:00+05:30,488.55,488.85,488.05,488.6,853
2025-11-11 10:03:00+05:30,488.85,489.75,488.6,489.3,1286
2025-11-11 10:04:00+05:30,489.3,489.5,488.75,488.85,465
2025-11-11 10:05:00+05:30,488.85,489.4,488.85,489.4,414
2025-11-11 10:06:00+05:30,489.4,489.5,489.05,489.05,1283
2025-11-11 10:07:00+05:30,489.5,489.5,489.05,489.05,611
2025-11-11 10:08:00+05:30,489.05,490.0,489.05,489.85,653
2025-11-11 10:09:00+05:30,489.85,490.0,489.3,489.3,665
2025-11-11 10:10:00+05:30,489.25,489.7,489.0,489.45,307
2025-11-11 10:11:00+05:30,489.4,489.55,488.9,488.9,1027
2025-11-11 10:12:00+05:30,488.75,488.75,487.35,487.35,3562
2025-11-11 10:13:00+05:30,487.3,487.6,487.0,487.35,3411
2025-11-11 10:14:00+05:30,487.2,487.6,487.2,487.35,339
2025-11-11 10:15:00+05:30,487.35,487.6,487.35,487.6,512
2025-11-11 10:16:00+05:30,487.6,488.2,487.6,487.65,676
2025-11-11 10:17:00+05:30,487.15,488.0,487.15,487.75,950
2025-11-11 10:18:00+05:30,488.1,488.4,488.0,488.0,561
2025-11-11 10:19:00+05:30,488.0,488.2,487.45,488.0,272
2025-11-11 10:20:00+05:30,488.0,488.5,487.7,488.45,511
2025-11-11 10:21:00+05:30,488.45,488.45,487.95,488.0,542
2025-11-11 10:22:00+05:30,487.95,488.2,487.95,487.95,442
2025-11-11 10:23:00+05:30,487.95,488.1,487.3,487.3,778
2025-11-11 10:24:00+05:30,487.3,487.8,487.3,487.55,329
2025-11-11 10:25:00+05:30,487.55,487.9,487.55,487.85,476
2025-11-11 10:26:00+05:30,487.85,487.85,487.3,487.3,1257
2025-11-11 10:27:00+05:30,487.3,487.5,487.3,487.3,662
2025-11-11 10:28:00+05:30,487.4,487.7,487.4,487.7,262
2025-11-11 10:29:00+05:30,487.35,488.5,487.3,488.05,10778
2025-11-11 10:30:00+05:30,488.05,488.25,487.6,488.1,445
2025-11-11 10:31:00+05:30,487.6,487.9,487.5,487.55,1074
2025-11-11 10:32:00+05:30,487.55,488.0,487.5,487.75,744
2025-11-11 10:33:00+05:30,487.5,488.15,487.5,487.75,461
2025-11-11 10:34:00+05:30,487.5,487.95,487.3,487.3,3258
2025-11-11 10:35:00+05:30,487.3,487.55,487.1,487.15,875
2025-11-11 10:36:00+05:30,487.15,487.2,486.8,486.8,934
2025-11-11 10:37:00+05:30,486.8,486.8,486.45,486.45,431
2025-11-11 10:38:00+05:30,486.5,486.9,486.35,486.5,815
2025-11-11 10:39:00+05:30,486.15,486.75,486.0,486.0,563
2025-11-11 10:40:00+05:30,486.0,486.6,486.0,486.2,421
2025-11-11 10:41:00+05:30,486.2,486.55,485.55,485.95,1163
2025-11-11 10:42:00+05:30,485.95,486.95,485.95,486.1,2789
2025-11-11 10:43:00+05:30,486.3,486.65,486.25,486.5,547
2025-11-11 10:44:00+05:30,486.5,486.8,486.25,486.25,313
2025-11-11 10:45:00+05:30,486.25,486.8,486.25,486.55,271
2025-11-11 10:46:00+05:30,486.5,486.8,486.5,486.8,592
2025-11-11 10:47:00+05:30,486.5,487.0,486.5,486.9,322
2025-11-11 10:48:00+05:30,486.9,487.0,486.35,486.35,600
2025-11-11 10:49:00+05:30,486.35,486.35,486.0,486.0,327
2025-11-11 10:50:00+05:30,485.5,486.15,485.5,485.55,510
2025-11-11 10:51:00+05:30,485.5,485.85,485.5,485.55,284
2025-11-11 10:52:00+05:30,485.55,485.95,485.3,485.95,596
2025-11-11 10:53:00+05:30,485.95,486.4,485.95,485.95,501
2025-11-11 10:54:00+05:30,485.95,486.05,485.55,485.55,465
2025-11-11 10:55:00+05:30,485.55,486.0,485.5,485.5,1484
2025-11-11 10:56:00+05:30,485.35,485.85,485.35,485.4,270
2025-11-11 10:57:00+05:30,485.35,485.85,485.2,485.5,753
2025-11-11 10:58:00+05:30,485.75,486.0,485.5,485.5,615
2025-11-11 10:59:00+05:30,485.5,485.85,485.5,485.55,613
2025-11-11 11:00:00+05:30,485.5,485.85,485.5,485.55,570
2025-11-11 11:01:00+05:30,485.8,485.9,485.5,485.5,723
2025-11-11 11:02:00+05:30,485.5,486.1,485.5,486.05,1633
2025-11-11 11:03:00+05:30,486.1,486.55,485.5,486.4,1250
2025-11-11 11:04:00+05:30,486.4,487.15,486.4,487.15,12764
2025-11-11 11:05:00+05:30,487.15,488.55,487.0,488.55,2580
2025-11-11 11:06:00+05:30,488.25,489.0,488.25,489.0,1319
2025-11-11 11:07:00+05:30,488.45,489.3,488.45,489.3,5827
2025-11-11 11:08:00+05:30,489.55,490.05,489.0,490.05,4171
2025-11-11 11:09:00+05:30,490.25,491.1,490.2,490.7,8061
2025-11-11 11:10:00+05:30,490.7,491.1,490.25,491.1,4020
2025-11-11 11:11:00+05:30,491.1,491.3,490.55,491.25,279
2025-11-11 11:12:00+05:30,490.75,491.2,490.0,490.0,1935
2025-11-11 11:13:00+05:30,490.0,491.0,490.0,490.45,2074
2025-11-11 11:14:00+05:30,490.45,491.0,490.45,490.45,418
2025-11-11 11:15:00+05:30,490.45,490.8,490.3,490.75,501
2025-11-11 11:16:00+05:30,490.75,491.0,490.65,490.65,2205
2025-11-11 11:17:00+05:30,491.1,491.2,490.95,490.95,553
2025-11-11 11:18:00+05:30,490.95,490.95,490.5,490.9,795
2025-11-11 11:19:00+05:30,490.9,491.35,490.7,491.3,689
2025-11-11 11:20:00+05:30,491.3,491.65,490.55,491.4,1671
2025-11-11 11:21:00+05:30,491.4,491.65,490.8,491.25,783
2025-11-11 11:22:00+05:30,491.25,491.85,491.25,491.4,188
2025-11-11 11:23:00+05:30,491.4,491.55,491.0,491.35,418
2025-11-11 11:24:00+05:30,491.35,494.0,491.0,493.55,3971
2025-11-11 11:25:00+05:30,493.15,493.75,493.15,493.5,470
2025-11-11 11:26:00+05:30,493.5,493.85,493.45,493.45,1356
2025-11-11 11:27:00+05:30,493.05,493.55,493.05,493.2,603
2025-11-11 11:28:00+05:30,493.2,493.5,492.75,492.85,560
2025-11-11 11:29:00+05:30,492.5,493.15,492.4,492.4,338
2025-11-11 11:30:00+05:30,492.4,493.0,492.4,492.65,431
2025-11-11 11:31:00+05:30,492.65,493.0,492.05,492.35,714
2025-11-11 11:32:00+05:30,492.05,492.65,492.0,492.05,301
2025-11-11 11:33:00+05:30,492.05,492.6,492.05,492.05,390
2025-11-11 11:34:00+05:30,492.05,492.5,491.75,492.15,374
2025-11-11 11:35:00+05:30,492.15,492.5,491.85,491.85,324
2025-11-11 11:36:00+05:30,492.0,492.35,491.95,491.95,299
2025-11-11 11:37:00+05:30,491.7,492.25,491.7,491.85,327
2025-11-11 11:38:00+05:30,491.45,492.25,491.45,492.0,393
2025-11-11 11:39:00+05:30,492.0,492.2,491.6,491.75,296
2025-11-11 11:40:00+05:30,491.5,492.25,491.5,491.75,345
2025-11-11 11:41:00+05:30,491.3,491.95,491.3,491.55,310
2025-11-11 11:42:00+05:30,491.05,492.1,491.05,491.6,303
2025-11-11 11:43:00+05:30,491.2,492.15,491.1,491.1,1145
2025-11-11 11:44:00+05:30,491.1,491.9,491.05,491.15,522
2025-11-11 11:45:00+05:30,491.15,491.8,490.8,491.2,369
2025-11-11 11:46:00+05:30,491.35,491.9,491.15,491.55,221
2025-11-11 11:47:00+05:30,491.05,491.8,491.05,491.35,313
2025-11-11 11:48:00+05:30,491.3,491.95,491.3,491.35,504
2025-11-11 11:49:00+05:30,491.35,491.95,491.35,491.5,409
2025-11-11 11:50:00+05:30,491.5,492.0,491.15,491.4,276
2025-11-11 11:51:00+05:30,491.4,491.9,491.3,491.3,404
2025-11-11 11:52:00+05:30,491.75,491.75,490.85,491.2,676
2025-11-11 11:53:00+05:30,491.2,491.7,491.1,491.1,381
2025-11-11 11:54:00+05:30,491.1,491.7,490.9,491.05,248
2025-11-11 11:55:00+05:30,491.05,491.9,491.05,491.35,403
2025-11-11 11:56:00+05:30,491.7,491.85,491.15,491.15,283
2025-11-11 11:57:00+05:30,491.0,491.75,491.0,491.2,321
2025-11-11 11:58:00+05:30,491.2,491.6,491.0,491.05,524
2025-11-11 11:59:00+05:30,491.05,491.45,491.0,491.15,292
2025-11-11 12:00:00+05:30,491.15,491.6,491.0,491.2,217
2025-11-11 12:01:00+05:30,491.2,491.75,491.2,491.25,919
2025-11-11 12:02:00+05:30,491.25,491.55,491.0,491.15,297
2025-11-11 12:03:00+05:30,491.35,491.45,491.05,491.05,364
2025-11-11 12:04:00+05:30,491.0,491.35,490.9,491.35,872
2025-11-11 12:05:00+05:30,490.95,491.5,490.7,491.25,1393
2025-11-11 12:06:00+05:30,491.25,491.6,491.2,491.4,270
2025-11-11 12:07:00+05:30,491.4,491.7,491.35,491.4,231
2025-11-11 12:08:00+05:30,491.35,491.95,491.35,491.65,389
2025-11-11 12:09:00+05:30,491.3,492.0,491.2,492.0,680
2025-11-11 12:10:00+05:30,492.0,492.15,491.7,491.95,321
2025-11-11 12:11:00+05:30,492.0,492.15,491.8,491.8,764
2025-11-11 12:12:00+05:30,491.8,492.15,491.5,492.15,425
2025-11-11 12:13:00+05:30,492.15,492.25,491.75,491.75,562
2025-11-11 12:14:00+05:30,491.4,492.0,491.4,491.4,269
2025-11-11 12:15:00+05:30,491.35,492.0,491.35,491.45,353
2025-11-11 12:16:00+05:30,491.45,491.6,491.15,491.15,466
2025-11-11 12:17:00+05:30,491.15,491.7,491.0,491.15,815
2025-11-11 12:18:00+05:30,491.55,491.75,491.3,491.3,358
2025-11-11 12:19:00+05:30,491.3,491.6,491.0,491.25,310
2025-11-11 12:20:00+05:30,491.0,491.6,491.0,491.35,276
2025-11-11 12:21:00+05:30,491.35,491.6,491.1,491.1,502
2025-11-11 12:22:00+05:30,491.1,491.6,491.0,491.0,508
2025-11-11 12:23:00+05:30,491.0,491.3,491.0,491.15,383
2025-11-11 12:24:00+05:30,491.15,491.4,491.05,491.1,382
2025-11-11 12:25:00+05:30,491.1,491.35,491.0,491.0,405
2025-11-11 12:26:00+05:30,491.1,491.45,490.7,490.7,305
2025-11-11 12:27:00+05:30,490.7,491.45,490.55,491.0,646
2025-11-11 12:28:00+05:30,491.1,491.55,491.0,491.55,184
2025-11-11 12:29:00+05:30,491.55,491.55,490.85,490.85,602
2025-11-11 12:30:00+05:30,490.85,491.35,490.8,490.8,329
2025-11-11 12:31:00+05:30,491.25,491.35,490.6,490.6,296
2025-11-11 12:32:00+05:30,490.6,491.4,490.6,491.25,341
2025-11-11 12:33:00+05:30,491.2,491.25,490.75,490.75,979
2025-11-11 12:34:00+05:30,490.9,491.25,490.85,490.85,404
2025-11-11 12:35:00+05:30,490.85,491.45,490.85,491.05,543
2025-11-11 12:36:00+05:30,491.05,491.25,490.5,491.15,1227
2025-11-11 12:37:00+05:30,491.15,491.25,490.8,490.8,316
2025-11-11 12:38:00+05:30,491.1,491.2,490.8,491.1,510
2025-11-11 12:39:00+05:30,491.1,491.2,491.0,491.0,368
2025-11-11 12:40:00+05:30,491.0,491.4,491.0,491.0,200
2025-11-11 12:41:00+05:30,490.8,491.35,490.8,491.0,1221
2025-11-11 12:42:00+05:30,491.0,491.2,490.65,490.65,592
2025-11-11 12:43:00+05:30,490.95,491.2,490.7,490.9,495
2025-11-11 12:44:00+05:30,490.7,491.4,490.7,491.0,349
2025-11-11 12:45:00+05:30,491.0,491.4,490.65,491.05,482
2025-11-11 12:46:00+05:30,491.1,491.3,490.75,491.1,255
2025-11-11 12:47:00+05:30,491.1,492.6,490.85,492.15,4759
2025-11-11 12:48:00+05:30,492.15,493.0,492.0,492.0,7933
2025-11-11 12:49:00+05:30,492.05,492.9,491.6,492.25,443
2025-11-11 12:50:00+05:30,492.25,492.65,492.15,492.3,309
2025-11-11 12:51:00+05:30,492.3,492.6,492.05,492.5,295
2025-11-11 12:52:00+05:30,492.5,492.5,492.0,492.2,211
2025-11-11 12:53:00+05:30,492.1,492.75,492.1,492.45,576
2025-11-11 12:54:00+05:30,492.05,492.65,492.0,492.0,306
2025-11-11 12:55:00+05:30,492.0,492.2,491.4,491.7,277
2025-11-11 12:56:00+05:30,491.7,492.1,491.4,491.5,376
2025-11-11 12:57:00+05:30,491.5,492.1,491.15,491.65,297
2025-11-11 12:58:00+05:30,491.85,492.2,491.35,492.2,285
2025-11-11 12:59:00+05:30,492.35,492.75,492.2,492.25,441
2025-11-11 13:00:00+05:30,492.25,492.7,492.0,492.4,386
2025-11-11 13:01:00+05:30,492.4,492.55,491.8,492.55,238
2025-11-11 13:02:00+05:30,492.55,492.95,492.1,492.2,772
2025-11-11 13:03:00+05:30,491.8,492.35,491.8,492.35,339
2025-11-11 13:04:00+05:30,492.2,492.45,491.8,491.9,576
2025-11-11 13:05:00+05:30,492.15,492.45,491.75,492.2,292
2025-11-11 13:06:00+05:30,491.8,492.55,491.8,491.85,489
2025-11-11 13:07:00+05:30,491.85,492.2,491.65,491.65,247
2025-11-11 13:08:00+05:30,491.85,492.15,491.55,492.15,195
2025-11-11 13:09:00+05:30,492.15,492.15,491.5,491.8,467
2025-11-11 13:10:00+05:30,491.75,492.0,491.5,492.0,215
2025-11-11 13:11:00+05:30,492.0,492.4,491.65,492.15,703
2025-11-11 13:12:00+05:30,492.15,492.6,491.85,492.6,352
2025-11-11 13:13:00+05:30,492.25,492.5,491.85,492.5,1001
2025-11-11 13:14:00+05:30,492.55,492.65,492.05,492.15,308
2025-11-11 13:15:00+05:30,492.15,492.75,492.15,492.15,351
2025-11-11 13:16:00+05:30,492.15,493.25,491.7,492.2,3283
2025-11-11 13:17:00+05:30,492.2,493.4,492.1,493.1,705
2025-11-11 13:18:00+05:30,493.1,493.25,492.6,492.75,433
2025-11-11 13:19:00+05:30,492.75,493.25,492.45,492.9,211
2025-11-11 13:20:00+05:30,492.9,493.0,492.55,492.9,253
2025-11-11 13:21:00+05:30,492.9,493.05,492.35,492.5,272
2025-11-11 13:22:00+05:30,492.5,493.45,492.3,493.45,444
2025-11-11 13:23:00+05:30,493.3,493.9,493.15,493.8,325
2025-11-11 13:24:00+05:30,493.35,493.8,493.0,493.35,205
2025-11-11 13:25:00+05:30,493.2,493.8,493.2,493.55,215
2025-11-11 13:26:00+05:30,493.55,493.8,493.15,493.15,294
2025-11-11 13:27:00+05:30,493.15,493.55,493.05,493.05,250
2025-11-11 13:28:00+05:30,493.05,493.7,493.05,493.7,490
2025-11-11 13:29:00+05:30,493.7,493.95,493.15,493.2,305
2025-11-11 13:30:00+05:30,493.3,493.8,493.2,493.8,289
2025-11-11 13:31:00+05:30,493.35,493.65,493.1,493.65,239
2025-11-11 13:32:00+05:30,493.65,493.7,492.9,492.9,366
2025-11-11 13:33:00+05:30,492.9,493.85,492.7,493.2,540
2025-11-11 13:34:00+05:30,493.75,494.0,493.35,493.4,669
2025-11-11 13:35:00+05:30,493.4,493.6,493.1,493.1,220
2025-11-11 13:36:00+05:30,493.45,493.5,493.15,493.45,223
2025-11-11 13:37:00+05:30,493.45,493.5,492.8,493.3,674
2025-11-11 13:38:00+05:30,493.0,493.5,492.9,493.5,220
2025-11-11 13:39:00+05:30,493.55,493.7,492.85,492.85,295
2025-11-11 13:40:00+05:30,493.05,493.65,492.9,493.1,974
2025-11-11 13:41:00+05:30,493.1,493.7,492.85,493.6,257
2025-11-11 13:42:00+05:30,493.6,493.6,492.95,492.95,195
2025-11-11 13:43:00+05:30,493.05,493.4,492.8,493.4,360
2025-11-11 13:44:00+05:30,493.4,493.75,493.0,493.15,251
2025-11-11 13:45:00+05:30,493.1,493.6,493.1,493.25,203
2025-11-11 13:46:00+05:30,493.25,493.65,493.05,493.6,335
2025-11-11 13:47:00+05:30,493.6,493.6,493.05,493.1,314
2025-11-11 13:48:00+05:30,493.1,493.8,493.1,493.8,242
2025-11-11 13:49:00+05:30,493.8,493.9,493.35,493.35,3292
2025-11-11 13:50:00+05:30,493.9,494.35,493.5,494.05,2985
2025-11-11 13:51:00+05:30,494.05,494.5,493.15,493.25,635
2025-11-11 13:52:00+05:30,493.2,494.0,493.15,493.6,547
2025-11-11 13:53:00+05:30,493.6,494.0,493.45,494.0,387
2025-11-11 13:54:00+05:30,494.0,494.4,493.75,493.75,282
2025-11-11 13:55:00+05:30,493.75,494.35,493.75,494.1,305
2025-11-11 13:56:00+05:30,494.1,494.4,493.5,494.4,331
2025-11-11 13:57:00+05:30,494.1,494.45,493.85,493.9,316
2025-11-11 13:58:00+05:30,494.05,494.5,493.8,494.35,246
2025-11-11 13:59:00+05:30,494.35,494.35,493.8,493.85,456
2025-11-11 14:00:00+05:30,493.85,494.45,493.85,494.25,222
2025-11-11 14:01:00+05:30,493.8,494.0,493.4,494.0,440
2025-11-11 14:02:00+05:30,494.0,494.0,492.15,492.15,3391
2025-11-11 14:03:00+05:30,492.15,492.5,492.1,492.4,328
2025-11-11 14:04:00+05:30,492.5,492.7,492.25,492.25,362
2025-11-11 14:05:00+05:30,492.25,492.75,492.15,492.3,214
2025-11-11 14:06:00+05:30,492.3,492.7,492.3,492.7,414
2025-11-11 14:07:00+05:30,492.7,492.7,492.15,492.15,223
2025-11-11 14:08:00+05:30,492.15,492.65,492.05,492.6,224
2025-11-11 14:09:00+05:30,492.6,492.9,492.2,492.45,1063
2025-11-11 14:10:00+05:30,492.45,492.8,492.25,492.8,193
2025-11-11 14:11:00+05:30,492.8,493.0,492.3,492.75,540
2025-11-11 14:12:00+05:30,492.6,493.0,492.6,492.8,804
2025-11-11 14:13:00+05:30,492.8,493.0,492.8,493.0,352
2025-11-11 14:14:00+05:30,492.9,493.0,492.45,492.45,216
2025-11-11 14:15:00+05:30,492.45,493.0,492.45,493.0,228
2025-11-11 14:16:00+05:30,493.3,494.6,493.3,494.0,1319
2025-11-11 14:17:00+05:30,494.0,494.0,493.05,493.05,212
2025-11-11 14:18:00+05:30,493.05,493.45,492.85,493.1,625
2025-11-11 14:19:00+05:30,493.0,493.15,492.7,492.9,300
2025-11-11 14:20:00+05:30,492.9,493.15,492.8,492.8,254
2025-11-11 14:21:00+05:30,493.0,493.0,492.35,492.8,272
2025-11-11 14:22:00+05:30,492.95,493.0,491.9,492.15,2135
2025-11-11 14:23:00+05:30,492.15,493.0,492.15,492.85,259
2025-11-11 14:24:00+05:30,493.0,493.0,492.5,492.9,210
2025-11-11 14:25:00+05:30,492.9,493.0,492.65,492.7,276
2025-11-11 14:26:00+05:30,492.7,493.0,492.5,492.65,301
2025-11-11 14:27:00+05:30,492.65,493.0,492.3,492.65,594
2025-11-11 14:28:00+05:30,492.65,493.05,492.65,492.9,469
2025-11-11 14:29:00+05:30,492.75,493.5,492.75,493.15,745
2025-11-11 14:30:00+05:30,493.55,493.85,493.25,493.6,552
2025-11-11 14:31:00+05:30,493.6,493.7,493.1,493.7,115
2025-11-11 14:32:00+05:30,493.7,493.8,493.2,493.7,381
2025-11-11 14:33:00+05:30,493.7,493.7,491.95,492.15,1885
2025-11-11 14:34:00+05:30,492.3,492.55,491.9,492.55,166
2025-11-11 14:35:00+05:30,492.65,492.75,492.15,492.15,370
2025-11-11 14:36:00+05:30,492.45,492.65,492.0,492.35,204
2025-11-11 14:37:00+05:30,492.5,492.6,491.85,491.85,303
2025-11-11 14:38:00+05:30,491.85,492.45,491.7,492.0,424
2025-11-11 14:39:00+05:30,492.05,492.15,491.1,491.1,775
2025-11-11 14:40:00+05:30,491.1,492.65,491.1,492.65,1545
2025-11-11 14:41:00+05:30,492.3,492.4,492.05,492.15,367
2025-11-11 14:42:00+05:30,491.7,492.0,491.3,491.85,552
2025-11-11 14:43:00+05:30,491.9,492.2,491.8,492.15,359
2025-11-11 14:44:00+05:30,492.15,492.4,491.95,492.1,194
2025-11-11 14:45:00+05:30,492.1,492.75,492.1,492.55,390
2025-11-11 14:46:00+05:30,492.55,492.9,492.1,492.9,235
2025-11-11 14:47:00+05:30,492.9,493.0,492.45,492.6,352
2025-11-11 14:48:00+05:30,493.0,493.0,492.3,492.55,246
2025-11-11 14:49:00+05:30,492.8,493.0,492.3,492.3,284
2025-11-11 14:50:00+05:30,492.3,493.0,492.3,492.6,448
2025-11-11 14:51:00+05:30,492.95,493.0,492.5,492.95,262
2025-11-11 14:52:00+05:30,493.0,493.0,492.45,492.6,374
2025-11-11 14:53:00+05:30,492.45,492.85,492.45,492.6,264
2025-11-11 14:54:00+05:30,492.9,493.0,492.55,492.7,1467
2025-11-11 14:55:00+05:30,492.7,493.1,492.45,492.45,3071
2025-11-11 14:56:00+05:30,492.0,493.0,492.0,493.0,987
2025-11-11 14:57:00+05:30,493.0,493.3,492.65,492.7,389
2025-11-11 14:58:00+05:30,493.0,493.35,492.5,493.35,407
2025-11-11 14:59:00+05:30,493.4,493.45,492.55,492.85,826
2025-11-11 15:00:00+05:30,492.85,493.45,492.85,492.95,371
2025-11-11 15:01:00+05:30,493.15,493.25,492.75,492.75,354
2025-11-11 15:02:00+05:30,492.75,493.45,492.7,493.0,286
2025-11-11 15:03:00+05:30,493.2,493.45,492.85,493.45,337
2025-11-11 15:04:00+05:30,493.2,493.35,492.8,492.85,543
2025-11-11 15:05:00+05:30,492.85,493.35,492.7,492.8,4992
2025-11-11 15:06:00+05:30,493.25,493.85,492.7,493.6,443
2025-11-11 15:07:00+05:30,493.6,494.35,493.6,493.95,472
2025-11-11 15:08:00+05:30,493.8,495.25,493.8,494.45,3759
2025-11-11 15:09:00+05:30,494.45,494.85,492.4,492.4,6621
2025-11-11 15:10:00+05:30,492.1,492.45,492.0,492.05,740
2025-11-11 15:11:00+05:30,492.05,492.75,492.05,492.7,463
2025-11-11 15:12:00+05:30,492.85,493.15,492.7,492.85,592
2025-11-11 15:13:00+05:30,492.7,493.0,492.7,493.0,370
2025-11-11 15:14:00+05:30,493.05,493.05,492.7,492.75,442
2025-11-11 15:15:00+05:30,492.9,492.9,491.35,491.35,1622
2025-11-11 15:16:00+05:30,491.5,491.55,491.3,491.5,520
2025-11-11 15:17:00+05:30,491.5,491.5,491.5,491.5,492
2025-11-11 15:18:00+05:30,491.5,491.6,491.5,491.5,407
2025-11-11 15:19:00+05:30,491.45,491.7,491.35,491.7,559
2025-11-11 15:20:00+05:30,491.35,491.5,491.25,491.5,1370
2025-11-11 15:21:00+05:30,491.5,491.5,490.95,491.35,1947
2025-11-11 15:22:00+05:30,491.35,491.85,491.35,491.6,3250
2025-11-11 15:23:00+05:30,491.6,491.6,491.25,491.6,442
2025-11-11 15:24:00+05:30,491.6,491.65,491.45,491.45,1285
2025-11-11 15:25:00+05:30,491.45,491.75,491.45,491.75,492
2025-11-11 15:26:00+05:30,492.1,492.25,491.6,492.0,1010
2025-11-11 15:27:00+05:30,492.0,492.9,492.0,492.9,400
2025-11-11 15:28:00+05:30,493.0,493.8,493.0,493.25,1079
2025-11-11 15:29:00+05:30,493.05,493.05,490.3,490.3,7645
2025-11-12 09:15:00+05:30,491.05,492.45,491.05,492.4,510
2025-11-12 09:16:00+05:30,492.4,492.6,492.4,492.6,1133
2025-11-12 09:17:00+05:30,492.6,492.6,491.8,491.9,207
2025-11-12 09:18:00+05:30,491.9,491.9,491.75,491.8,96
2025-11-12 09:19:00+05:30,492.1,492.35,491.9,491.9,822
2025-11-12 09:20:00+05:30,491.5,492.0,491.35,492.0,294
2025-11-12 09:21:00+05:30,492.0,493.65,492.0,493.65,156
2025-11-12 09:22:00+05:30,493.65,493.75,492.8,493.4,439
2025-11-12 09:23:00+05:30,493.05,493.6,492.55,493.6,2030
2025-11-12 09:24:00+05:30,493.6,495.3,493.6,495.3,7280
2025-11-12 09:25:00+05:30,495.3,495.3,494.85,495.3,1292
2025-11-12 09:26:00+05:30,495.3,495.3,494.95,495.2,237
2025-11-12 09:27:00+05:30,495.2,495.3,495.0,495.05,903
2025-11-12 09:28:00+05:30,495.05,495.3,495.05,495.3,94
2025-11-12 09:29:00+05:30,495.3,495.3,495.05,495.3,35
2025-11-12 09:30:00+05:30,495.3,495.3,495.0,495.0,281
2025-11-12 09:31:00+05:30,495.0,495.95,495.0,495.25,2034
2025-11-12 09:32:00+05:30,495.35,495.45,495.0,495.45,368
2025-11-12 09:33:00+05:30,495.45,495.45,494.85,494.9,246
2025-11-12 09:34:00+05:30,495.15,495.2,495.15,495.2,25
2025-11-12 09:35:00+05:30,495.2,495.2,494.7,494.7,60
2025-11-12 09:36:00+05:30,494.7,495.25,494.7,495.25,96
2025-11-12 09:37:00+05:30,495.25,495.25,495.0,495.0,188
2025-11-12 09:38:00+05:30,495.0,495.25,495.0,495.25,171
2025-11-12 09:39:00+05:30,495.25,495.25,494.75,495.0,226
2025-11-12 09:40:00+05:30,495.0,495.05,495.0,495.05,228
2025-11-12 09:41:00+05:30,495.05,495.2,495.05,495.2,109
2025-11-12 09:42:00+05:30,494.75,494.75,494.45,494.45,347
2025-11-12 09:43:00+05:30,494.45,495.7,494.45,495.7,1010
2025-11-12 09:44:00+05:30,495.7,495.7,495.2,495.6,14
2025-11-12 09:45:00+05:30,495.6,495.65,495.1,495.65,224
2025-11-12 09:46:00+05:30,495.65,496.25,495.6,496.25,3032
2025-11-12 09:47:00+05:30,495.95,496.7,495.95,496.6,497
2025-11-12 09:48:00+05:30,496.6,496.65,496.1,496.5,1126
2025-11-12 09:49:00+05:30,496.5,496.9,496.1,496.9,1573
2025-11-12 09:50:00+05:30,496.9,496.95,496.9,496.95,22
2025-11-12 09:51:00+05:30,496.95,496.95,496.5,496.5,59
2025-11-12 09:52:00+05:30,496.3,496.75,496.3,496.75,10
2025-11-12 09:53:00+05:30,496.75,496.9,496.75,496.9,77
2025-11-12 09:54:00+05:30,496.55,496.9,496.5,496.5,201
2025-11-12 09:55:00+05:30,496.5,496.5,496.15,496.45,43
2025-11-12 09:56:00+05:30,496.45,496.45,496.15,496.15,103
2025-11-12 09:57:00+05:30,496.15,496.75,496.15,496.75,844
2025-11-12 09:58:00+05:30,496.75,496.9,496.7,496.75,138
2025-11-12 09:59:00+05:30,496.75,496.75,496.7,496.7,34
2025-11-12 10:00:00+05:30,496.7,496.75,496.3,496.7,86
2025-11-12 10:01:00+05:30,496.9,498.0,496.45,498.0,2956
2025-11-12 10:02:00+05:30,498.0,498.55,497.5,498.55,3739
2025-11-12 10:03:00+05:30,498.55,498.55,497.85,497.9,491
2025-11-12 10:04:00+05:30,497.95,498.45,497.95,498.15,249
2025-11-12 10:05:00+05:30,498.35,498.75,498.15,498.3,261
2025-11-12 10:06:00+05:30,498.3,498.35,497.95,498.35,174
2025-11-12 10:07:00+05:30,498.35,498.45,497.95,498.35,2520
2025-11-12 10:08:00+05:30,497.95,498.25,497.95,498.25,95
2025-11-12 10:09:00+05:30,497.8,498.75,497.8,498.75,967
2025-11-12 10:10:00+05:30,498.75,498.75,498.75,498.75,0
2025-11-12 10:11:00+05:30,498.75,498.75,498.65,498.7,311
2025-11-12 10:12:00+05:30,498.75,498.95,498.65,498.9,364
2025-11-12 10:13:00+05:30,498.9,498.9,498.4,498.4,545
2025-11-12 10:14:00+05:30,498.55,498.55,497.95,498.45,441
2025-11-12 10:15:00+05:30,498.45,498.45,497.0,497.0,4647
2025-11-12 10:16:00+05:30,497.95,498.65,497.85,497.9,4336
2025-11-12 10:17:00+05:30,497.9,497.95,497.55,497.85,37
2025-11-12 10:18:00+05:30,497.85,497.85,497.2,497.25,1655
2025-11-12 10:19:00+05:30,497.25,497.4,497.0,497.4,581
2025-11-12 10:20:00+05:30,497.4,497.4,497.05,497.05,11
2025-11-12 10:21:00+05:30,497.4,497.5,497.0,497.4,248
2025-11-12 10:22:00+05:30,497.4,497.4,497.4,497.4,24
2025-11-12 10:23:00+05:30,497.4,497.4,497.1,497.4,31
2025-11-12 10:24:00+05:30,497.4,497.4,497.1,497.4,91
2025-11-12 10:25:00+05:30,497.4,497.4,497.05,497.4,85
2025-11-12 10:26:00+05:30,497.4,497.4,497.4,497.4,27
2025-11-12 10:27:00+05:30,497.4,497.6,497.0,497.55,239
2025-11-12 10:28:00+05:30,497.55,497.55,497.5,497.55,41
2025-11-12 10:29:00+05:30,497.55,497.7,497.0,497.7,4037
2025-11-12 10:30:00+05:30,497.65,498.0,497.15,497.3,2303
2025-11-12 10:31:00+05:30,496.85,497.25,496.85,497.2,176
2025-11-12 10:32:00+05:30,497.2,497.2,497.2,497.2,56
2025-11-12 10:33:00+05:30,497.2,497.4,496.9,497.3,212
2025-11-12 10:34:00+05:30,497.3,497.3,497.3,497.3,9
2025-11-12 10:35:00+05:30,497.05,497.35,497.05,497.2,33
2025-11-12 10:36:00+05:30,497.45,497.5,497.45,497.5,2658
2025-11-12 10:37:00+05:30,497.5,498.0,497.25,497.35,3030
2025-11-12 10:38:00+05:30,498.1,498.45,498.0,498.0,1762
2025-11-12 10:39:00+05:30,498.0,498.0,497.95,498.0,309
2025-11-12 10:40:00+05:30,498.0,498.0,498.0,498.0,150
2025-11-12 10:41:00+05:30,498.0,498.0,498.0,498.0,145
2025-11-12 10:42:00+05:30,498.0,498.0,497.95,497.95,1025
2025-11-12 10:43:00+05:30,497.95,498.0,497.65,498.0,233
2025-11-12 10:44:00+05:30,498.0,498.0,497.65,497.65,1
2025-11-12 10:45:00+05:30,498.0,498.0,498.0,498.0,30
2025-11-12 10:46:00+05:30,498.0,498.0,497.65,498.0,1249
2025-11-12 10:47:00+05:30,498.0,498.0,497.95,497.95,35
2025-11-12 10:48:00+05:30,497.95,498.0,497.65,498.0,262
2025-11-12 10:49:00+05:30,498.0,498.0,498.0,498.0,130
2025-11-12 10:50:00+05:30,498.0,498.0,498.0,498.0,3
2025-11-12 10:51:00+05:30,498.0,498.45,497.4,497.4,5086
2025-11-12 10:52:00+05:30,497.35,497.4,497.2,497.2,66
2025-11-12 10:53:00+05:30,497.35,497.35,497.1,497.1,16
2025-11-12 10:54:00+05:30,497.0,497.0,497.0,497.0,16
2025-11-12 10:55:00+05:30,497.0,497.0,496.5,496.85,24
2025-11-12 10:56:00+05:30,496.85,497.0,496.55,497.0,177
2025-11-12 10:57:00+05:30,497.0,497.0,496.35,496.45,60
2025-11-12 10:58:00+05:30,496.45,496.45,496.0,496.35,119
2025-11-12 10:59:00+05:30,496.35,496.35,496.35,496.35,1
2025-11-12 11:00:00+05:30,496.4,496.5,496.0,496.2,307
2025-11-12 11:01:00+05:30,496.2,496.35,496.2,496.35,89
2025-11-12 11:02:00+05:30,495.8,496.3,495.8,496.3,67
2025-11-12 11:03:00+05:30,496.0,496.0,495.7,496.0,80
2025-11-12 11:04:00+05:30,496.0,496.0,496.0,496.0,19
2025-11-12 11:05:00+05:30,496.0,496.05,495.6,496.05,4094
2025-11-12 11:06:00+05:30,495.55,495.95,495.55,495.95,124
2025-11-12 11:07:00+05:30,495.95,495.95,495.4,495.95,723
2025-11-12 11:08:00+05:30,496.0,496.0,495.55,495.85,56
2025-11-12 11:09:00+05:30,495.85,495.9,495.25,495.9,180
2025-11-12 11:10:00+05:30,495.45,495.95,495.45,495.95,28
2025-11-12 11:11:00+05:30,495.95,496.0,495.95,496.0,13
2025-11-12 11:12:00+05:30,496.0,496.0,495.0,495.55,6138
2025-11-12 11:13:00+05:30,495.55,495.55,495.15,495.5,732
2025-11-12 11:14:00+05:30,495.5,495.5,495.5,495.5,150
2025-11-12 11:15:00+05:30,495.5,495.5,494.75,495.45,965
2025-11-12 11:16:00+05:30,495.45,495.45,495.45,495.45,24
2025-11-12 11:17:00+05:30,495.45,495.45,495.0,495.45,21
2025-11-12 11:18:00+05:30,495.45,496.1,495.35,496.1,5187
2025-11-12 11:19:00+05:30,496.1,496.15,496.0,496.0,87
2025-11-12 11:20:00+05:30,496.0,496.0,495.8,495.95,143
2025-11-12 11:21:00+05:30,495.95,495.95,495.45,495.45,72
2025-11-12 11:22:00+05:30,495.4,495.4,495.2,495.4,3555
2025-11-12 11:23:00+05:30,495.4,495.55,495.4,495.55,108
2025-11-12 11:24:00+05:30,495.6,495.6,495.6,495.6,14
2025-11-12 11:25:00+05:30,495.4,495.65,495.4,495.6,145
2025-11-12 11:26:00+05:30,495.6,495.6,495.55,495.6,27
2025-11-12 11:27:00+05:30,495.6,495.6,495.0,495.0,2291
2025-11-12 11:28:00+05:30,495.45,495.65,495.0,495.6,329
2025-11-12 11:29:00+05:30,495.6,495.65,495.15,495.6,1029
2025-11-12 11:30:00+05:30,495.6,495.65,495.55,495.65,51
2025-11-12 11:31:00+05:30,495.65,495.65,495.65,495.65,107
2025-11-12 11:32:00+05:30,495.15,495.95,495.0,495.95,6717
2025-11-12 11:33:00+05:30,496.0,496.1,495.55,495.55,9
2025-11-12 11:34:00+05:30,495.55,495.95,495.5,495.95,4
2025-11-12 11:35:00+05:30,495.95,496.0,495.45,495.85,29
2025-11-12 11:36:00+05:30,496.05,496.5,496.05,496.5,261
2025-11-12 11:37:00+05:30,496.5,496.5,496.2,496.2,53
2025-11-12 11:38:00+05:30,496.2,496.3,496.2,496.3,248
2025-11-12 11:39:00+05:30,496.3,496.35,495.85,496.3,100
2025-11-12 11:40:00+05:30,496.3,496.3,495.8,495.9,91
2025-11-12 11:41:00+05:30,495.9,495.9,495.75,495.9,29
2025-11-12 11:42:00+05:30,495.9,495.9,495.6,495.6,35
2025-11-12 11:43:00+05:30,495.6,495.9,495.6,495.9,67
2025-11-12 11:44:00+05:30,495.9,495.9,495.55,495.9,19
2025-11-12 11:45:00+05:30,495.9,496.0,495.9,496.0,57
2025-11-12 11:46:00+05:30,496.0,496.0,496.0,496.0,36
2025-11-12 11:47:00+05:30,496.0,496.0,496.0,496.0,240
2025-11-12 11:48:00+05:30,496.0,496.0,496.0,496.0,5
2025-11-12 11:49:00+05:30,496.0,496.0,496.0,496.0,7
2025-11-12 11:51:00+05:30,496.0,496.0,495.75,496.0,8
2025-11-12 11:52:00+05:30,496.0,496.0,496.0,496.0,1
2025-11-12 11:53:00+05:30,496.0,496.0,495.75,495.95,308
2025-11-12 11:54:00+05:30,495.95,495.95,495.95,495.95,0
2025-11-12 11:55:00+05:30,495.95,495.95,495.95,495.95,147
2025-11-12 11:56:00+05:30,495.95,495.95,495.45,495.85,150
2025-11-12 11:57:00+05:30,495.85,496.0,495.7,496.0,1101
2025-11-12 11:58:00+05:30,496.0,496.0,496.0,496.0,56
2025-11-12 11:59:00+05:30,496.0,496.0,495.45,495.6,130
2025-11-12 12:00:00+05:30,495.95,496.0,495.95,496.0,36
2025-11-12 12:01:00+05:30,496.0,496.0,495.7,495.95,136
2025-11-12 12:02:00+05:30,495.95,496.0,495.85,496.0,419
2025-11-12 12:03:00+05:30,496.0,496.0,496.0,496.0,8
2025-11-12 12:04:00+05:30,496.0,496.0,495.5,495.85,71
2025-11-12 12:05:00+05:30,495.85,495.85,495.4,495.75,118
2025-11-12 12:06:00+05:30,495.75,496.0,495.75,496.0,748
2025-11-12 12:07:00+05:30,496.0,496.0,495.6,495.6,341
2025-11-12 12:08:00+05:30,495.6,495.6,495.6,495.6,302
2025-11-12 12:09:00+05:30,495.6,495.6,495.15,495.15,14
2025-11-12 12:10:00+05:30,495.15,495.6,495.0,495.6,333
2025-11-12 12:11:00+05:30,495.6,495.6,495.4,495.6,43
2025-11-12 12:12:00+05:30,495.6,495.6,495.4,495.6,114
2025-11-12 12:13:00+05:30,495.6,495.6,495.6,495.6,10
2025-11-12 12:14:00+05:30,495.6,495.6,495.3,495.3,6
2025-11-12 12:15:00+05:30,495.3,495.3,495.3,495.3,579
2025-11-12 12:16:00+05:30,495.3,495.3,495.0,495.2,548
2025-11-12 12:17:00+05:30,495.2,496.75,495.2,496.75,5357
2025-11-12 12:18:00+05:30,496.8,498.45,496.8,498.45,2183
2025-11-12 12:19:00+05:30,498.45,498.45,497.3,497.7,263
2025-11-12 12:20:00+05:30,497.7,497.95,497.3,497.65,178
2025-11-12 12:21:00+05:30,497.95,498.1,497.2,497.8,53
2025-11-12 12:22:00+05:30,497.8,497.8,497.1,497.7,228
2025-11-12 12:23:00+05:30,497.7,497.75,497.25,497.65,95
2025-11-12 12:24:00+05:30,497.65,497.65,497.05,497.5,31
2025-11-12 12:25:00+05:30,497.5,497.7,496.3,496.75,758
2025-11-12 12:26:00+05:30,496.75,496.8,496.1,496.6,725
2025-11-12 12:27:00+05:30,496.6,496.85,496.6,496.8,127
2025-11-12 12:28:00+05:30,496.8,496.8,496.8,496.8,6
2025-11-12 12:29:00+05:30,496.8,496.85,496.75,496.85,75
2025-11-12 12:30:00+05:30,496.85,496.85,496.85,496.85,90
2025-11-12 12:31:00+05:30,496.85,497.0,496.85,497.0,463
2025-11-12 12:32:00+05:30,497.0,497.0,497.0,497.0,128
2025-11-12 12:33:00+05:30,497.0,497.0,496.65,496.65,163
2025-11-12 12:34:00+05:30,496.65,496.85,496.65,496.7,163
2025-11-12 12:35:00+05:30,496.7,496.75,496.7,496.75,40
2025-11-12 12:36:00+05:30,496.85,496.9,496.85,496.9,504
2025-11-12 12:37:00+05:30,496.9,496.9,496.9,496.9,0
2025-11-12 12:38:00+05:30,496.5,496.9,496.5,496.9,73
2025-11-12 12:39:00+05:30,496.9,497.0,496.8,497.0,2026
2025-11-12 12:40:00+05:30,497.0,497.0,497.0,497.0,118
2025-11-12 12:41:00+05:30,497.0,497.0,496.6,496.7,87
2025-11-12 12:42:00+05:30,496.7,496.7,496.7,496.7,0
2025-11-12 12:43:00+05:30,496.7,497.0,496.5,497.0,3742
2025-11-12 12:44:00+05:30,497.0,497.0,496.9,497.0,836
2025-11-12 12:45:00+05:30,497.0,497.0,497.0,497.0,145
2025-11-12 12:46:00+05:30,497.0,497.0,496.8,496.8,252
2025-11-12 12:47:00+05:30,496.8,497.0,496.8,497.0,135
2025-11-12 12:48:00+05:30,497.0,497.0,497.0,497.0,156
2025-11-12 12:49:00+05:30,497.0,497.0,497.0,497.0,187
2025-11-12 12:50:00+05:30,497.0,497.0,496.75,496.9,82
2025-11-12 12:51:00+05:30,496.9,496.9,496.65,496.9,50
2025-11-12 12:52:00+05:30,496.8,496.8,496.8,496.8,36
2025-11-12 12:53:00+05:30,496.8,496.8,496.8,496.8,43
2025-11-12 12:54:00+05:30,496.8,496.8,496.8,496.8,10
2025-11-12 12:55:00+05:30,496.8,496.8,496.3,496.75,52
2025-11-12 12:56:00+05:30,496.15,496.7,496.15,496.7,118
2025-11-12 12:57:00+05:30,496.7,496.7,496.25,496.25,158
2025-11-12 12:58:00+05:30,496.25,496.55,496.1,496.55,58
2025-11-12 12:59:00+05:30,496.55,496.8,496.55,496.8,22
2025-11-12 13:00:00+05:30,496.8,496.8,496.2,496.45,106
2025-11-12 13:01:00+05:30,496.45,497.0,496.45,496.65,1863
2025-11-12 13:02:00+05:30,496.65,497.0,496.5,497.0,86
2025-11-12 13:03:00+05:30,497.0,497.0,497.0,497.0,8
2025-11-12 13:04:00+05:30,497.0,497.0,497.0,497.0,0
2025-11-12 13:05:00+05:30,497.0,497.0,497.0,497.0,47
2025-11-12 13:06:00+05:30,497.0,497.0,496.9,496.9,22
2025-11-12 13:07:00+05:30,496.9,497.0,496.9,497.0,7
2025-11-12 13:08:00+05:30,497.0,497.0,497.0,497.0,1
2025-11-12 13:09:00+05:30,497.0,497.0,497.0,497.0,3
2025-11-12 13:10:00+05:30,496.7,497.0,496.5,496.5,443
2025-11-12 13:11:00+05:30,496.5,496.5,496.5,496.5,151
2025-11-12 13:12:00+05:30,496.5,496.5,496.45,496.5,446
2025-11-12 13:13:00+05:30,496.5,496.5,496.5,496.5,277
2025-11-12 13:14:00+05:30,496.5,497.2,496.5,497.05,1602
2025-11-12 13:15:00+05:30,497.05,497.05,495.9,496.05,1573
2025-11-12 13:16:00+05:30,496.05,496.05,496.05,496.05,8
2025-11-12 13:17:00+05:30,496.05,496.3,495.4,496.25,482
2025-11-12 13:18:00+05:30,495.45,496.2,495.45,495.7,102
2025-11-12 13:19:00+05:30,495.7,496.15,495.7,496.15,89
2025-11-12 13:20:00+05:30,496.15,496.2,496.15,496.2,7
2025-11-12 13:21:00+05:30,496.2,496.3,496.2,496.3,86
2025-11-12 13:22:00+05:30,496.3,496.3,495.85,495.9,1046
2025-11-12 13:23:00+05:30,495.9,496.15,495.8,496.15,119
2025-11-12 13:24:00+05:30,496.3,496.5,496.15,496.45,469
2025-11-12 13:25:00+05:30,496.45,496.45,495.95,496.3,27
2025-11-12 13:26:00+05:30,496.3,496.45,495.7,496.1,63
2025-11-12 13:27:00+05:30,496.1,496.2,495.05,496.2,1242
2025-11-12 13:28:00+05:30,496.2,496.45,496.15,496.45,36
2025-11-12 13:29:00+05:30,496.45,496.5,496.3,496.5,1176
2025-11-12 13:30:00+05:30,496.5,496.5,496.45,496.45,26
2025-11-12 13:31:00+05:30,496.45,496.45,496.45,496.45,1
2025-11-12 13:32:00+05:30,496.45,496.45,496.45,496.45,1
2025-11-12 13:33:00+05:30,496.0,496.45,496.0,496.4,58
2025-11-12 13:34:00+05:30,496.4,496.4,496.4,496.4,30
2025-11-12 13:35:00+05:30,496.4,496.4,496.35,496.35,12
2025-11-12 13:36:00+05:30,496.35,496.35,495.95,496.0,97
2025-11-12 13:37:00+05:30,496.0,496.05,496.0,496.05,184
2025-11-12 13:38:00+05:30,495.25,496.2,495.25,496.2,131
2025-11-12 13:39:00+05:30,496.25,496.35,495.8,496.3,166
2025-11-12 13:40:00+05:30,496.3,496.3,495.95,495.95,96
2025-11-12 13:41:00+05:30,495.95,495.95,495.95,495.95,15
2025-11-12 13:42:00+05:30,495.95,496.4,495.95,496.4,193
2025-11-12 13:43:00+05:30,496.4,496.5,496.4,496.5,54
2025-11-12 13:44:00+05:30,496.2,496.35,496.2,496.35,218
2025-11-12 13:45:00+05:30,496.35,496.35,496.35,496.35,3
2025-11-12 13:46:00+05:30,496.35,496.35,496.0,496.3,16
2025-11-12 13:47:00+05:30,496.3,496.3,496.25,496.3,6
2025-11-12 13:48:00+05:30,496.3,496.45,496.0,496.45,1075
2025-11-12 13:49:00+05:30,496.45,496.5,496.05,496.45,175
2025-11-12 13:50:00+05:30,496.45,496.45,496.0,496.45,72
2025-11-12 13:51:00+05:30,496.45,496.45,495.95,495.95,3413
2025-11-12 13:52:00+05:30,495.95,495.95,495.55,495.85,55
2025-11-12 13:53:00+05:30,495.85,495.85,495.1,495.55,114
2025-11-12 13:54:00+05:30,495.55,495.55,495.05,495.4,51
2025-11-12 13:55:00+05:30,495.4,495.7,495.4,495.7,8
2025-11-12 13:56:00+05:30,495.65,495.65,495.65,495.65,11
2025-11-12 13:57:00+05:30,495.65,495.65,495.5,495.65,36
2025-11-12 13:58:00+05:30,495.65,496.0,495.65,495.8,521
2025-11-12 13:59:00+05:30,495.8,495.8,495.25,495.6,458
2025-11-12 14:00:00+05:30,495.65,495.65,495.65,495.65,12
2025-11-12 14:01:00+05:30,495.65,495.65,495.25,495.65,46
2025-11-12 14:02:00+05:30,495.25,495.75,495.25,495.75,11
2025-11-12 14:03:00+05:30,495.7,495.8,495.7,495.8,76
2025-11-12 14:04:00+05:30,495.8,495.9,495.65,495.65,8
2025-11-12 14:05:00+05:30,495.85,495.95,495.45,495.9,137
2025-11-12 14:06:00+05:30,495.9,495.95,495.5,495.85,697
2025-11-12 14:07:00+05:30,495.9,495.95,495.9,495.95,33
2025-11-12 14:08:00+05:30,495.95,495.95,495.95,495.95,20
2025-11-12 14:09:00+05:30,495.95,496.0,495.35,496.0,71
2025-11-12 14:10:00+05:30,496.0,496.9,495.95,496.9,1574
2025-11-12 14:11:00+05:30,496.9,496.9,496.9,496.9,13
2025-11-12 14:12:00+05:30,496.9,496.9,496.5,496.5,360
2025-11-12 14:13:00+05:30,496.5,496.5,496.5,496.5,45
2025-11-12 14:14:00+05:30,496.95,497.25,496.5,496.5,114
2025-11-12 14:15:00+05:30,496.5,497.15,496.5,497.1,291
2025-11-12 14:16:00+05:30,497.1,497.5,497.0,497.4,237
2025-11-12 14:17:00+05:30,497.45,497.45,495.8,495.8,3456
2025-11-12 14:18:00+05:30,495.8,496.4,495.0,496.4,48289
2025-11-12 14:19:00+05:30,496.5,497.1,496.4,497.1,7527
2025-11-12 14:20:00+05:30,497.1,497.45,497.0,497.45,1403
2025-11-12 14:21:00+05:30,497.45,497.45,497.1,497.45,816
2025-11-12 14:22:00+05:30,497.45,497.45,497.05,497.05,137
2025-11-12 14:23:00+05:30,497.05,497.05,497.0,497.0,372
2025-11-12 14:24:00+05:30,497.1,497.2,497.1,497.15,66
2025-11-12 14:25:00+05:30,497.15,497.15,497.0,497.0,287
2025-11-12 14:26:00+05:30,497.0,497.0,496.55,496.55,1153
2025-11-12 14:27:00+05:30,496.55,496.75,496.3,496.3,148
2025-11-12 14:28:00+05:30,496.3,496.65,496.3,496.65,20
2025-11-12 14:29:00+05:30,496.5,496.6,496.0,496.0,9115
2025-11-12 14:30:00+05:30,496.0,496.65,496.0,496.65,78
2025-11-12 14:31:00+05:30,496.65,497.2,496.65,497.2,1815
2025-11-12 14:32:00+05:30,497.2,497.2,497.2,497.2,10
2025-11-12 14:33:00+05:30,496.2,496.75,496.0,496.0,7182
2025-11-12 14:34:00+05:30,496.0,496.0,496.0,496.0,931
2025-11-12 14:35:00+05:30,496.0,496.0,496.0,496.0,394
2025-11-12 14:36:00+05:30,496.0,496.0,496.0,496.0,16
2025-11-12 14:37:00+05:30,496.0,496.15,495.95,496.15,8503
2025-11-12 14:38:00+05:30,496.45,496.85,496.45,496.85,54
2025-11-12 14:39:00+05:30,496.85,496.85,496.75,496.8,1699
2025-11-12 14:40:00+05:30,497.2,497.2,497.15,497.2,89
2025-11-12 14:41:00+05:30,497.4,497.4,496.0,496.7,10465
2025-11-12 14:42:00+05:30,496.8,497.4,496.8,497.15,2293
2025-11-12 14:43:00+05:30,497.15,497.25,497.1,497.25,230
2025-11-12 14:44:00+05:30,497.25,497.25,497.15,497.2,42
2025-11-12 14:45:00+05:30,497.25,497.4,497.25,497.3,211
2025-11-12 14:46:00+05:30,497.35,497.35,496.95,497.15,49
2025-11-12 14:47:00+05:30,497.15,497.15,496.95,496.95,16
2025-11-12 14:48:00+05:30,496.95,496.95,496.9,496.9,133
2025-11-12 14:49:00+05:30,496.9,496.9,496.9,496.9,105
2025-11-12 14:50:00+05:30,496.9,496.9,496.85,496.85,7
2025-11-12 14:51:00+05:30,496.85,496.9,496.85,496.85,133
2025-11-12 14:52:00+05:30,496.85,496.85,496.3,496.3,307
2025-11-12 14:53:00+05:30,496.3,496.8,496.3,496.4,1051
2025-11-12 14:54:00+05:30,496.4,496.5,496.3,496.4,1330
2025-11-12 14:55:00+05:30,496.35,496.5,496.35,496.5,177
2025-11-12 14:56:00+05:30,496.5,496.5,496.45,496.45,25
2025-11-12 14:57:00+05:30,496.45,496.5,496.45,496.5,7532
2025-11-12 14:58:00+05:30,496.5,496.5,496.45,496.45,2251
2025-11-12 14:59:00+05:30,496.1,496.5,496.1,496.15,1170
2025-11-12 15:00:00+05:30,496.25,496.25,496.2,496.2,30
2025-11-12 15:01:00+05:30,496.2,496.25,496.2,496.2,527
2025-11-12 15:02:00+05:30,496.25,496.25,496.25,496.25,82
2025-11-12 15:03:00+05:30,496.25,497.2,496.25,496.8,3022
2025-11-12 15:04:00+05:30,497.3,497.3,496.85,497.0,841
2025-11-12 15:05:00+05:30,497.0,497.15,496.7,497.15,192
2025-11-12 15:06:00+05:30,497.15,497.4,496.05,496.1,5321
2025-11-12 15:07:00+05:30,496.1,496.5,496.0,496.4,354
2025-11-12 15:08:00+05:30,496.4,496.4,496.3,496.35,506
2025-11-12 15:09:00+05:30,496.35,496.6,496.05,496.6,25936
2025-11-12 15:10:00+05:30,496.5,496.5,496.2,496.45,4733
2025-11-12 15:11:00+05:30,496.4,496.45,496.4,496.45,118
2025-11-12 15:12:00+05:30,496.45,496.45,496.45,496.45,99
2025-11-12 15:13:00+05:30,496.45,496.45,496.4,496.45,301
2025-11-12 15:14:00+05:30,496.45,496.5,496.4,496.5,430
2025-11-12 15:15:00+05:30,496.9,496.95,496.5,496.65,7613
2025-11-12 15:16:00+05:30,496.75,496.9,496.75,496.9,23
2025-11-12 15:17:00+05:30,496.9,496.9,496.85,496.9,249
2025-11-12 15:18:00+05:30,496.9,496.95,496.75,496.9,594
2025-11-12 15:19:00+05:30,496.9,496.9,496.8,496.85,305
2025-11-12 15:20:00+05:30,496.85,496.85,496.7,496.8,367
2025-11-12 15:21:00+05:30,496.8,496.8,496.5,496.7,236
2025-11-12 15:22:00+05:30,496.7,497.2,496.25,497.15,5106
2025-11-12 15:23:00+05:30,497.3,497.45,497.3,497.45,569
2025-11-12 15:24:00+05:30,497.65,497.65,497.25,497.25,803
2025-11-12 15:25:00+05:30,497.35,497.65,497.3,497.6,694
2025-11-12 15:26:00+05:30,497.4,497.4,497.05,497.15,144
2025-11-12 15:27:00+05:30,497.1,497.15,497.1,497.1,2813
2025-11-12 15:28:00+05:30,497.35,498.0,497.35,497.8,668
2025-11-12 15:29:00+05:30,497.95,497.95,496.1,496.1,4886
2025-11-13 09:15:00+05:30,501.0,501.0,496.5,497.65,1969
2025-11-13 09:16:00+05:30,497.65,497.65,496.05,496.4,419
2025-11-13 09:17:00+05:30,496.4,497.1,496.0,496.15,1058
2025-11-13 09:18:00+05:30,496.3,496.3,495.0,495.35,210
2025-11-13 09:19:00+05:30,495.35,495.5,494.9,495.0,278
2025-11-13 09:20:00+05:30,495.5,495.5,494.05,495.45,277
2025-11-13 09:21:00+05:30,495.4,495.45,494.55,494.55,92
2025-11-13 09:22:00+05:30,494.4,494.55,494.1,494.5,239
2025-11-13 09:23:00+05:30,494.5,494.5,494.05,494.05,79
2025-11-13 09:24:00+05:30,494.4,494.4,494.4,494.4,6
2025-11-13 09:25:00+05:30,494.4,494.4,493.4,493.55,813
2025-11-13 09:26:00+05:30,493.55,494.4,493.55,494.4,144
2025-11-13 09:27:00+05:30,494.25,494.25,493.8,493.85,207
2025-11-13 09:28:00+05:30,493.85,494.35,493.85,494.35,236
2025-11-13 09:29:00+05:30,494.3,494.3,493.55,493.85,598
2025-11-13 09:30:00+05:30,494.35,494.5,494.1,494.1,138
2025-11-13 09:31:00+05:30,494.5,494.5,494.1,494.4,62
2025-11-13 09:32:00+05:30,494.15,494.15,493.55,493.85,738
2025-11-13 09:33:00+05:30,493.85,494.0,493.0,493.4,706
2025-11-13 09:34:00+05:30,493.4,493.8,493.25,493.7,640
2025-11-13 09:35:00+05:30,493.7,494.4,493.7,494.4,967
2025-11-13 09:36:00+05:30,494.4,494.4,493.95,494.05,74
2025-11-13 09:37:00+05:30,494.05,494.05,493.7,493.7,166
2025-11-13 09:38:00+05:30,493.7,494.0,493.7,494.0,88
2025-11-13 09:39:00+05:30,494.0,494.05,493.7,493.85,299
2025-11-13 09:40:00+05:30,493.85,494.55,493.7,494.05,1863
2025-11-13 09:41:00+05:30,494.35,494.35,494.05,494.15,136
2025-11-13 09:42:00+05:30,493.9,494.05,493.8,494.05,64
2025-11-13 09:43:00+05:30,494.05,494.2,493.7,493.7,340
2025-11-13 09:44:00+05:30,493.7,494.15,493.7,494.05,311
2025-11-13 09:45:00+05:30,494.0,494.0,493.7,493.7,147
2025-11-13 09:46:00+05:30,493.7,494.0,493.7,493.7,127
2025-11-13 09:47:00+05:30,493.7,493.95,493.7,493.95,3
2025-11-13 09:48:00+05:30,493.95,493.95,493.7,493.7,142
2025-11-13 09:49:00+05:30,493.75,493.95,493.7,493.7,444
2025-11-13 09:50:00+05:30,493.7,494.0,493.7,494.0,235
2025-11-13 09:51:00+05:30,494.0,494.0,493.75,493.8,105
2025-11-13 09:52:00+05:30,493.8,494.0,493.8,494.0,72
2025-11-13 09:53:00+05:30,494.0,494.1,493.8,494.0,118
2025-11-13 09:54:00+05:30,494.0,494.05,493.7,494.05,206
2025-11-13 09:55:00+05:30,494.05,494.4,494.05,494.4,4
2025-11-13 09:56:00+05:30,494.4,494.4,494.1,494.1,77
2025-11-13 09:57:00+05:30,494.05,494.45,493.85,493.85,485
2025-11-13 09:58:00+05:30,493.85,494.05,493.7,494.05,1077
2025-11-13 09:59:00+05:30,494.05,494.1,493.7,494.1,95
2025-11-13 10:00:00+05:30,494.1,494.45,494.1,494.45,134
2025-11-13 10:01:00+05:30,494.45,494.45,493.95,493.95,119
2025-11-13 10:02:00+05:30,493.95,494.7,493.95,494.7,42
2025-11-13 10:03:00+05:30,494.7,494.7,494.7,494.7,402
2025-11-13 10:04:00+05:30,494.7,494.95,494.35,494.8,893
2025-11-13 10:05:00+05:30,494.8,494.95,494.15,494.6,1264
2025-11-13 10:06:00+05:30,494.25,494.25,494.0,494.0,85
2025-11-13 10:07:00+05:30,494.25,494.25,494.0,494.05,237
2025-11-13 10:08:00+05:30,494.05,494.65,494.0,494.05,459
2025-11-13 10:09:00+05:30,494.05,496.1,494.05,496.1,843
2025-11-13 10:10:00+05:30,496.1,498.0,495.1,498.0,2698
2025-11-13 10:11:00+05:30,498.0,499.15,498.0,499.05,933
2025-11-13 10:12:00+05:30,499.05,499.05,498.0,498.5,449
2025-11-13 10:13:00+05:30,498.5,498.5,497.65,498.0,515
2025-11-13 10:14:00+05:30,498.0,498.8,498.0,498.4,312
2025-11-13 10:15:00+05:30,498.35,498.35,498.05,498.25,136
2025-11-13 10:16:00+05:30,497.95,498.3,497.5,497.5,2255
2025-11-13 10:17:00+05:30,497.5,499.65,497.5,498.85,882
2025-11-13 10:18:00+05:30,498.85,499.65,498.85,499.1,370
2025-11-13 10:19:00+05:30,499.1,499.65,499.1,499.65,108
2025-11-13 10:20:00+05:30,499.65,499.65,499.6,499.6,137
2025-11-13 10:21:00+05:30,499.65,499.85,499.35,499.35,36
2025-11-13 10:22:00+05:30,499.35,499.35,498.65,498.65,947
2025-11-13 10:23:00+05:30,498.65,498.75,498.45,498.75,184
2025-11-13 10:24:00+05:30,498.75,498.8,498.45,498.45,16
2025-11-13 10:25:00+05:30,498.45,498.9,498.45,498.9,159
2025-11-13 10:26:00+05:30,498.9,499.0,498.45,499.0,102
2025-11-13 10:27:00+05:30,499.0,499.0,498.55,498.8,169
2025-11-13 10:28:00+05:30,498.95,499.0,498.3,498.3,157
2025-11-13 10:29:00+05:30,498.1,498.5,498.1,498.5,168
2025-11-13 10:30:00+05:30,498.5,498.55,498.45,498.5,109
2025-11-13 10:31:00+05:30,498.5,498.85,498.5,498.85,136
2025-11-13 10:32:00+05:30,498.8,498.8,498.2,498.65,200
2025-11-13 10:33:00+05:30,498.65,498.8,498.65,498.8,70
2025-11-13 10:34:00+05:30,498.8,498.9,498.8,498.9,13
2025-11-13 10:35:00+05:30,498.9,498.9,498.85,498.85,1
2025-11-13 10:36:00+05:30,498.85,499.05,498.8,499.05,3402
2025-11-13 10:37:00+05:30,499.35,499.6,498.85,499.6,777
2025-11-13 10:38:00+05:30,499.6,499.6,499.2,499.35,170
2025-11-13 10:39:00+05:30,499.35,499.35,498.9,499.05,69
2025-11-13 10:40:00+05:30,499.05,499.05,499.05,499.05,31
2025-11-13 10:41:00+05:30,499.05,499.05,498.75,498.75,43
2025-11-13 10:42:00+05:30,498.75,498.95,498.25,498.25,385
2025-11-13 10:43:00+05:30,497.65,497.65,496.35,496.35,876
2025-11-13 10:44:00+05:30,496.1,496.35,495.6,495.9,1503
2025-11-13 10:45:00+05:30,495.9,498.95,495.9,498.15,106191
2025-11-13 10:46:00+05:30,498.15,498.15,497.95,497.95,32
2025-11-13 10:47:00+05:30,497.95,497.95,497.1,497.2,198
2025-11-13 10:48:00+05:30,497.2,497.55,497.2,497.55,37
2025-11-13 10:49:00+05:30,497.55,497.7,497.55,497.7,26
2025-11-13 10:50:00+05:30,497.7,497.7,497.2,497.2,169
2025-11-13 10:51:00+05:30,496.8,496.8,496.75,496.75,161
2025-11-13 10:52:00+05:30,496.75,496.85,496.75,496.85,5
2025-11-13 10:53:00+05:30,496.85,497.85,496.85,497.45,1089
2025-11-13 10:54:00+05:30,497.55,498.0,497.1,497.1,196
2025-11-13 10:55:00+05:30,496.9,497.45,496.9,497.0,922
2025-11-13 10:56:00+05:30,497.05,497.45,497.0,497.45,128
2025-11-13 10:57:00+05:30,497.05,497.45,497.05,497.45,96
2025-11-13 10:58:00+05:30,497.45,497.75,497.45,497.75,40
2025-11-13 10:59:00+05:30,497.75,497.75,497.45,497.45,104
2025-11-13 11:00:00+05:30,497.45,497.75,497.45,497.5,53
2025-11-13 11:01:00+05:30,497.75,497.75,497.75,497.75,10
2025-11-13 11:02:00+05:30,497.75,497.75,497.3,497.7,239
2025-11-13 11:03:00+05:30,497.7,497.75,497.7,497.75,6
2025-11-13 11:04:00+05:30,497.75,497.75,497.7,497.75,10
2025-11-13 11:05:00+05:30,497.75,497.75,497.75,497.75,100
2025-11-13 11:06:00+05:30,497.75,497.75,497.7,497.7,103
2025-11-13 11:07:00+05:30,497.7,497.75,497.7,497.7,49
2025-11-13 11:08:00+05:30,497.7,497.7,497.4,497.7,109
2025-11-13 11:09:00+05:30,497.7,497.7,497.65,497.65,16
2025-11-13 11:10:00+05:30,497.65,497.65,497.65,497.65,9
2025-11-13 11:11:00+05:30,497.4,497.65,497.25,497.25,63
2025-11-13 11:12:00+05:30,497.25,497.65,497.25,497.65,9
2025-11-13 11:13:00+05:30,497.65,497.65,497.25,497.65,122
2025-11-13 11:14:00+05:30,497.65,497.7,497.65,497.7,67
2025-11-13 11:15:00+05:30,497.7,497.7,497.35,497.35,1
2025-11-13 11:16:00+05:30,497.35,497.7,497.35,497.7,3
2025-11-13 11:17:00+05:30,497.7,497.7,497.3,497.6,111
2025-11-13 11:18:00+05:30,497.6,497.6,497.5,497.5,256
2025-11-13 11:19:00+05:30,497.5,497.75,497.25,497.75,116
2025-11-13 11:20:00+05:30,497.75,497.75,497.25,497.25,107
2025-11-13 11:21:00+05:30,497.25,497.55,497.25,497.5,16
2025-11-13 11:22:00+05:30,497.5,497.65,497.2,497.25,122
2025-11-13 11:23:00+05:30,497.25,497.25,497.15,497.15,20
2025-11-13 11:24:00+05:30,497.15,497.65,497.15,497.2,58
2025-11-13 11:25:00+05:30,497.2,497.2,497.2,497.2,5
2025-11-13 11:26:00+05:30,497.2,497.6,497.2,497.6,44
2025-11-13 11:27:00+05:30,497.6,497.6,497.2,497.5,44
2025-11-13 11:28:00+05:30,497.5,497.55,497.5,497.5,65
2025-11-13 11:29:00+05:30,497.5,497.5,497.45,497.45,6
2025-11-13 11:30:00+05:30,497.1,497.35,497.0,497.35,1075
2025-11-13 11:31:00+05:30,497.35,498.0,497.25,497.25,1509
2025-11-13 11:32:00+05:30,497.25,497.25,497.25,497.25,7
2025-11-13 11:33:00+05:30,497.25,497.25,497.0,497.0,108
2025-11-13 11:34:00+05:30,497.0,497.45,497.0,497.45,60
2025-11-13 11:35:00+05:30,497.45,497.8,497.0,497.8,139
2025-11-13 11:36:00+05:30,497.8,497.8,497.8,497.8,0
2025-11-13 11:37:00+05:30,497.8,497.8,497.8,497.8,0
2025-11-13 11:38:00+05:30,497.8,497.8,497.15,497.75,40
2025-11-13 11:39:00+05:30,497.75,497.8,497.0,497.0,1062
2025-11-13 11:40:00+05:30,497.0,497.55,497.0,497.55,97
2025-11-13 11:41:00+05:30,497.75,497.75,497.75,497.75,12
2025-11-13 11:42:00+05:30,497.75,497.75,497.75,497.75,10
2025-11-13 11:43:00+05:30,497.75,497.8,497.5,497.5,76
2025-11-13 11:44:00+05:30,497.5,497.8,497.5,497.8,1
2025-11-13 11:45:00+05:30,497.5,497.75,497.5,497.75,28
2025-11-13 11:46:00+05:30,497.75,497.75,497.5,497.5,101
2025-11-13 11:47:00+05:30,497.75,497.8,497.75,497.8,63
2025-11-13 11:48:00+05:30,497.8,497.8,497.3,497.8,322
2025-11-13 11:49:00+05:30,497.8,497.8,497.55,497.8,59
2025-11-13 11:50:00+05:30,497.8,497.8,497.8,497.8,43
2025-11-13 11:51:00+05:30,497.8,497.8,497.8,497.8,1
2025-11-13 11:52:00+05:30,497.8,497.8,497.8,497.8,1
2025-11-13 11:53:00+05:30,497.8,497.8,497.8,497.8,0
2025-11-13 11:54:00+05:30,497.8,498.0,497.6,497.65,35
2025-11-13 11:55:00+05:30,497.65,497.65,497.55,497.55,73
2025-11-13 11:56:00+05:30,497.55,498.0,497.55,498.0,4
2025-11-13 11:57:00+05:30,498.0,498.0,497.7,497.8,43
2025-11-13 11:58:00+05:30,497.8,497.8,497.8,497.8,20
2025-11-13 11:59:00+05:30,497.35,497.8,497.35,497.8,40
2025-11-13 12:00:00+05:30,497.8,498.4,497.8,498.1,523
2025-11-13 12:01:00+05:30,497.5,498.05,497.5,497.55,164
2025-11-13 12:02:00+05:30,497.55,498.0,497.3,497.3,475
2025-11-13 12:03:00+05:30,497.3,497.75,497.3,497.75,2
2025-11-13 12:04:00+05:30,497.75,497.75,497.75,497.75,40
2025-11-13 12:05:00+05:30,497.75,498.45,497.75,498.45,20
2025-11-13 12:06:00+05:30,498.45,498.45,497.95,497.95,116
2025-11-13 12:07:00+05:30,497.95,498.35,497.95,498.05,167
2025-11-13 12:08:00+05:30,498.0,498.1,498.0,498.1,99
2025-11-13 12:09:00+05:30,498.3,498.3,498.3,498.3,5
2025-11-13 12:10:00+05:30,497.85,498.25,497.85,498.25,50
2025-11-13 12:11:00+05:30,498.25,498.3,497.85,497.85,113
2025-11-13 12:12:00+05:30,497.85,497.85,497.85,497.85,0
2025-11-13 12:13:00+05:30,497.85,498.7,497.85,498.5,307
2025-11-13 12:14:00+05:30,497.95,498.0,497.95,498.0,225
2025-11-13 12:15:00+05:30,498.0,498.0,497.6,498.0,119
2025-11-13 12:16:00+05:30,498.0,498.0,497.5,497.5,224
2025-11-13 12:17:00+05:30,497.5,497.8,497.5,497.5,18
2025-11-13 12:18:00+05:30,497.5,497.5,497.5,497.5,0
2025-11-13 12:19:00+05:30,497.5,497.9,497.15,497.6,391
2025-11-13 12:20:00+05:30,497.6,497.6,497.15,497.55,39
2025-11-13 12:21:00+05:30,497.55,497.55,497.15,497.15,80
2025-11-13 12:22:00+05:30,497.15,497.55,497.15,497.15,101
2025-11-13 12:23:00+05:30,497.15,497.55,497.15,497.15,73
2025-11-13 12:24:00+05:30,497.15,497.15,497.15,497.15,0
2025-11-13 12:25:00+05:30,497.15,497.15,497.1,497.1,8
2025-11-13 12:26:00+05:30,497.1,497.1,497.1,497.1,73
2025-11-13 12:27:00+05:30,497.1,497.1,497.1,497.1,0
2025-11-13 12:28:00+05:30,497.1,497.1,497.1,497.1,49
2025-11-13 12:29:00+05:30,497.1,497.1,497.1,497.1,38
2025-11-13 12:30:00+05:30,497.1,497.35,497.1,497.35,103
2025-11-13 12:31:00+05:30,497.1,497.4,497.1,497.4,17
2025-11-13 12:32:00+05:30,497.15,497.4,497.0,497.15,1047
2025-11-13 12:33:00+05:30,497.15,497.15,497.0,497.0,19
2025-11-13 12:34:00+05:30,497.0,497.3,497.0,497.3,8
2025-11-13 12:35:00+05:30,497.3,497.55,497.0,497.55,235
2025-11-13 12:36:00+05:30,497.55,497.75,497.4,497.75,248
2025-11-13 12:37:00+05:30,497.75,497.75,497.4,497.4,20
2025-11-13 12:38:00+05:30,497.3,497.7,497.0,497.0,1109
2025-11-13 12:39:00+05:30,497.0,497.0,497.0,497.0,4
2025-11-13 12:40:00+05:30,497.0,497.4,497.0,497.0,26
2025-11-13 12:41:00+05:30,497.0,497.2,497.0,497.2,59
2025-11-13 12:42:00+05:30,497.2,497.2,497.2,497.2,0
2025-11-13 12:43:00+05:30,497.2,497.2,497.0,497.0,22
2025-11-13 12:44:00+05:30,497.0,497.0,497.0,497.0,0
2025-11-13 12:45:00+05:30,497.0,497.15,497.0,497.0,33
2025-11-13 12:46:00+05:30,497.0,497.15,496.0,496.0,4002
2025-11-13 12:47:00+05:30,496.0,497.15,496.0,497.0,336
2025-11-13 12:48:00+05:30,497.0,497.0,497.0,497.0,195
2025-11-13 12:49:00+05:30,497.0,497.1,496.65,496.65,320
2025-11-13 12:50:00+05:30,496.65,497.1,496.65,497.1,9
2025-11-13 12:51:00+05:30,497.1,497.3,497.0,497.2,71
2025-11-13 12:52:00+05:30,497.2,497.5,497.05,497.45,43
2025-11-13 12:53:00+05:30,497.45,497.45,497.45,497.45,14
2025-11-13 12:54:00+05:30,497.45,497.45,497.0,497.0,33
2025-11-13 12:55:00+05:30,497.35,497.55,497.05,497.55,83
2025-11-13 12:56:00+05:30,497.55,497.55,497.0,497.3,1025
2025-11-13 12:57:00+05:30,497.3,497.3,496.85,496.85,339
2025-11-13 12:58:00+05:30,496.85,497.2,496.85,497.2,25
2025-11-13 12:59:00+05:30,496.65,496.65,496.65,496.65,370
2025-11-13 13:00:00+05:30,496.65,497.15,496.65,497.15,7
2025-11-13 13:01:00+05:30,497.0,497.3,497.0,497.3,58
2025-11-13 13:02:00+05:30,497.3,497.3,497.05,497.05,1
2025-11-13 13:03:00+05:30,497.05,497.3,497.05,497.3,24
2025-11-13 13:04:00+05:30,497.3,497.3,497.3,497.3,0
2025-11-13 13:05:00+05:30,497.3,497.7,497.3,497.7,4
2025-11-13 13:06:00+05:30,497.7,497.95,497.7,497.7,243
2025-11-13 13:07:00+05:30,497.7,497.8,497.35,497.35,22
2025-11-13 13:08:00+05:30,497.35,497.7,497.35,497.7,3
2025-11-13 13:09:00+05:30,497.7,497.7,497.7,497.7,2
2025-11-13 13:10:00+05:30,497.7,497.7,497.3,497.3,6
2025-11-13 13:11:00+05:30,497.3,497.3,497.3,497.3,5
2025-11-13 13:12:00+05:30,497.3,497.3,497.3,497.3,50
2025-11-13 13:13:00+05:30,497.3,497.55,497.3,497.55,95
2025-11-13 13:14:00+05:30,497.55,497.55,497.55,497.55,9
2025-11-13 13:15:00+05:30,497.55,497.6,497.55,497.6,74
2025-11-13 13:16:00+05:30,497.3,497.3,497.3,497.3,80
2025-11-13 13:17:00+05:30,497.3,497.45,497.15,497.45,114
2025-11-13 13:18:00+05:30,497.45,497.55,497.45,497.55,3
2025-11-13 13:19:00+05:30,497.55,497.55,497.0,497.0,177
2025-11-13 13:20:00+05:30,497.0,497.0,497.0,497.0,0
2025-11-13 13:21:00+05:30,497.0,497.0,497.0,497.0,11
2025-11-13 13:22:00+05:30,497.4,497.4,497.4,497.4,22
2025-11-13 13:23:00+05:30,497.4,497.4,497.0,497.4,105
2025-11-13 13:24:00+05:30,497.0,497.4,497.0,497.4,45
2025-11-13 13:25:00+05:30,497.4,497.4,497.4,497.4,1
2025-11-13 13:26:00+05:30,497.4,497.45,497.05,497.45,34
2025-11-13 13:27:00+05:30,497.45,497.45,497.45,497.45,0
2025-11-13 13:28:00+05:30,497.45,498.8,497.45,498.8,1264
2025-11-13 13:29:00+05:30,499.0,499.3,498.35,498.35,290
2025-11-13 13:30:00+05:30,498.35,498.65,498.35,498.65,20
2025-11-13 13:31:00+05:30,498.65,498.65,498.6,498.6,100
2025-11-13 13:32:00+05:30,498.6,498.6,498.1,498.5,3
2025-11-13 13:33:00+05:30,498.5,498.5,498.3,498.3,46
2025-11-13 13:34:00+05:30,498.3,498.65,498.3,498.3,12
2025-11-13 13:35:00+05:30,498.15,498.55,498.15,498.55,51
2025-11-13 13:36:00+05:30,498.55,498.55,498.55,498.55,5
2025-11-13 13:37:00+05:30,498.55,498.55,498.15,498.15,16
2025-11-13 13:38:00+05:30,498.15,498.3,498.15,498.3,3
2025-11-13 13:39:00+05:30,498.3,498.3,497.9,497.9,2
2025-11-13 13:40:00+05:30,497.9,498.05,497.7,497.9,385
2025-11-13 13:41:00+05:30,497.9,497.9,497.9,497.9,47
2025-11-13 13:42:00+05:30,497.9,498.3,497.9,498.3,8
2025-11-13 13:43:00+05:30,498.3,498.3,497.9,497.9,7
2025-11-13 13:44:00+05:30,497.9,497.9,497.9,497.9,0
2025-11-13 13:45:00+05:30,497.9,497.9,497.05,497.45,2981
2025-11-13 13:46:00+05:30,497.45,497.45,497.35,497.35,35
2025-11-13 13:47:00+05:30,497.35,497.75,497.35,497.35,63
2025-11-13 13:48:00+05:30,497.35,497.75,497.05,497.05,135
2025-11-13 13:49:00+05:30,497.05,497.05,497.05,497.05,0
2025-11-13 13:50:00+05:30,497.05,497.45,497.05,497.45,3
2025-11-13 13:51:00+05:30,497.45,497.45,497.0,497.35,1290
2025-11-13 13:52:00+05:30,497.35,497.35,497.35,497.35,0
2025-11-13 13:53:00+05:30,497.35,497.35,497.35,497.35,0
2025-11-13 13:54:00+05:30,497.35,497.35,497.35,497.35,8
2025-11-13 13:55:00+05:30,497.35,497.35,497.25,497.25,24
2025-11-13 13:56:00+05:30,497.25,497.25,497.25,497.25,13
2025-11-13 13:57:00+05:30,497.6,498.0,497.6,498.0,213
2025-11-13 13:58:00+05:30,498.0,498.05,498.0,498.05,14
2025-11-13 13:59:00+05:30,497.4,497.4,497.4,497.4,288
2025-11-13 14:00:00+05:30,497.4,497.4,497.0,497.0,15
2025-11-13 14:01:00+05:30,497.0,497.45,497.0,497.45,5
2025-11-13 14:02:00+05:30,497.45,497.45,497.05,497.05,60
2025-11-13 14:03:00+05:30,497.05,497.45,497.05,497.15,27
2025-11-13 14:04:00+05:30,497.15,497.15,497.15,497.15,0
2025-11-13 14:05:00+05:30,497.15,497.65,497.15,497.65,83
2025-11-13 14:06:00+05:30,497.65,497.65,497.2,497.65,38
2025-11-13 14:07:00+05:30,497.3,497.65,497.25,497.65,10
2025-11-13 14:08:00+05:30,497.65,498.35,497.65,498.35,675
2025-11-13 14:09:00+05:30,498.35,498.35,497.85,498.3,47
2025-11-13 14:10:00+05:30,498.3,498.3,497.8,497.8,13
2025-11-13 14:11:00+05:30,497.8,497.95,497.45,497.9,57
2025-11-13 14:12:00+05:30,497.9,498.3,497.9,498.3,101
2025-11-13 14:13:00+05:30,498.3,498.3,497.7,498.05,53
2025-11-13 14:14:00+05:30,498.05,498.05,498.05,498.05,0
2025-11-13 14:15:00+05:30,498.05,498.15,498.05,498.15,143
2025-11-13 14:16:00+05:30,498.15,498.8,498.15,498.55,1521
2025-11-13 14:17:00+05:30,498.85,499.0,498.35,499.0,1528
2025-11-13 14:18:00+05:30,499.0,499.0,498.75,499.0,561
2025-11-13 14:19:00+05:30,499.0,499.0,498.8,499.0,70
2025-11-13 14:20:00+05:30,499.0,499.0,498.75,499.0,44
2025-11-13 14:21:00+05:30,499.0,499.0,498.7,498.7,53
2025-11-13 14:22:00+05:30,498.7,498.7,498.7,498.7,24
2025-11-13 14:23:00+05:30,498.7,498.7,498.7,498.7,6
2025-11-13 14:24:00+05:30,498.7,498.7,498.1,498.45,124
2025-11-13 14:25:00+05:30,498.45,498.6,498.45,498.6,85
2025-11-13 14:26:00+05:30,498.6,498.6,498.25,498.25,13
2025-11-13 14:27:00+05:30,498.25,498.55,498.15,498.5,110
2025-11-13 14:28:00+05:30,498.5,498.5,498.5,498.5,19
2025-11-13 14:29:00+05:30,498.5,498.5,498.15,498.5,7
2025-11-13 14:30:00+05:30,498.5,498.5,498.15,498.15,55
2025-11-13 14:31:00+05:30,498.15,498.5,498.15,498.5,325
2025-11-13 14:32:00+05:30,498.5,498.5,498.1,498.45,119
2025-11-13 14:33:00+05:30,498.45,498.45,498.45,498.45,38
2025-11-13 14:34:00+05:30,498.45,498.45,498.15,498.35,59
2025-11-13 14:35:00+05:30,498.35,498.35,498.0,498.25,202
2025-11-13 14:36:00+05:30,498.25,498.25,498.0,498.25,34
2025-11-13 14:37:00+05:30,498.25,498.95,498.25,498.8,3656
2025-11-13 14:38:00+05:30,498.8,498.8,498.8,498.8,1
2025-11-13 14:39:00+05:30,498.8,498.8,498.65,498.7,107
2025-11-13 14:40:00+05:30,498.7,498.7,498.2,498.7,15
2025-11-13 14:41:00+05:30,498.7,498.7,498.7,498.7,1
2025-11-13 14:42:00+05:30,498.7,498.7,498.05,498.5,100
2025-11-13 14:43:00+05:30,498.5,498.5,498.5,498.5,62
2025-11-13 14:44:00+05:30,498.5,498.5,498.5,498.5,8
2025-11-13 14:45:00+05:30,498.5,498.5,498.5,498.5,0
2025-11-13 14:46:00+05:30,498.5,498.55,498.3,498.55,56
2025-11-13 14:47:00+05:30,498.55,498.7,498.0,498.6,1548
2025-11-13 14:48:00+05:30,498.7,498.7,497.95,498.0,954
2025-11-13 14:49:00+05:30,498.0,498.45,497.15,498.45,933
2025-11-13 14:50:00+05:30,498.45,498.45,498.25,498.25,7
2025-11-13 14:51:00+05:30,498.25,498.25,497.15,497.9,580
2025-11-13 14:52:00+05:30,497.9,497.9,497.9,497.9,8
2025-11-13 14:53:00+05:30,497.9,497.9,497.8,497.8,19
2025-11-13 14:54:00+05:30,497.8,497.8,497.8,497.8,15
2025-11-13 14:55:00+05:30,497.8,497.8,497.8,497.8,102
2025-11-13 14:56:00+05:30,497.8,497.8,497.8,497.8,50
2025-11-13 14:57:00+05:30,497.8,497.8,497.8,497.8,8
2025-11-13 14:58:00+05:30,497.8,498.35,497.8,498.2,850
2025-11-13 14:59:00+05:30,498.2,498.2,497.65,498.15,13
2025-11-13 15:00:00+05:30,498.1,498.4,498.1,498.4,119
2025-11-13 15:01:00+05:30,498.35,498.4,498.3,498.3,200
2025-11-13 15:02:00+05:30,498.3,498.3,497.95,497.95,74
2025-11-13 15:03:00+05:30,497.95,497.95,497.55,497.85,83
2025-11-13 15:04:00+05:30,497.85,498.3,497.85,498.3,289
2025-11-13 15:05:00+05:30,497.8,498.05,497.8,497.85,608
2025-11-13 15:06:00+05:30,497.85,497.85,497.4,497.65,164
2025-11-13 15:07:00+05:30,497.65,497.75,497.65,497.75,6
2025-11-13 15:08:00+05:30,497.75,497.95,497.65,497.95,74
2025-11-13 15:09:00+05:30,497.95,497.95,497.65,497.65,32
2025-11-13 15:10:00+05:30,497.9,497.9,497.3,497.75,1503
2025-11-13 15:11:00+05:30,497.85,497.9,497.85,497.9,14
2025-11-13 15:12:00+05:30,497.9,497.9,497.8,497.8,76
2025-11-13 15:13:00+05:30,498.05,498.05,498.05,498.05,1333
2025-11-13 15:14:00+05:30,498.05,498.05,497.4,497.4,1256
2025-11-13 15:15:00+05:30,497.7,497.7,497.0,497.5,905
2025-11-13 15:16:00+05:30,497.5,498.3,497.4,497.8,1435
2025-11-13 15:17:00+05:30,497.8,498.45,497.8,498.45,323
2025-11-13 15:18:00+05:30,498.45,498.45,498.0,498.45,53
2025-11-13 15:19:00+05:30,498.0,498.25,497.5,497.5,3119
2025-11-13 15:20:00+05:30,497.5,497.5,497.1,497.45,64
2025-11-13 15:21:00+05:30,497.1,497.45,497.1,497.2,232
2025-11-13 15:22:00+05:30,497.2,497.2,497.0,497.0,342
2025-11-13 15:23:00+05:30,497.2,497.2,497.05,497.2,83
2025-11-13 15:24:00+05:30,497.2,498.0,497.15,497.15,1543
2025-11-13 15:25:00+05:30,497.25,497.6,497.25,497.6,152
2025-11-13 15:26:00+05:30,497.25,500.2,497.25,500.0,23675
2025-11-13 15:27:00+05:30,500.0,500.15,500.0,500.05,9881
2025-11-13 15:28:00+05:30,500.4,500.95,500.0,500.0,1766
2025-11-13 15:29:00+05:30,500.2,500.2,500.0,500.0,304
